class_name,quest_type,frequency,realm,quest_title,min_level,max_level,kill_quota,mob_name,npc_name,npc_var,npc_guild,npc_model,npc_region,npc_x,npc_y,npc_z,npc_heading,npc_location_comment,counter_var,dialog_intro,dialog_lore,dialog_call_to_action,dialog_in_progress,dialog_accepted,dialog_decline,dialog_reward,whisper_accept,whisper_finish,description_step1,required_faction,reward_faction
MorwennaRatsDaily,pve,daily,Albion,Nettoyer la Ville,1,60,10,rat des neiges,Morwenna,Morwenna,Medecin,65,51,527284,542857,3168,2115,Village de Gothwaite,ratsKilled,"Des rats des neiges ont envahi les ruelles et les reserves du village.","Ils rongent nos stocks d'herbes et apportent la vermine.",Pouvez-vous [eliminer les rats] pour assainir le village ?,Trouvez les rats des neiges dans les rues et ruelles du village.,"Merci pour votre aide, prenez garde a leurs morsures !","Tant pis, nous trouverons un autre combattant.","Formidable ! Le village et nos provisions sont saufs.",eliminer les rats,rats elimines,Eliminez 10 rats des neiges dans les rues du village.,,
OdanBranchesDaily,pve,daily,Albion,Menace Sylvestre,1,60,8,vieille branche,Odan,Odan,Bucheron,286,51,522237,540600,3163,3663,Village de Gothwaite,branchesKilled,"Des vegetaux animes par une magie obscure bloquent les chemins et menacent nos bucherons.","Ces vieilles branches attaquent quiconque s'aventure dans les bois.",Pouvez-vous [abattre les branches] pour securiser nos coupes ?,Traquez les vieilles branches sur les sentiers boises.,Que votre hache ou votre lame soit aceree.,Revenez quand vous serez pret.,Parfait ! Les chemins de coupe sont a nouveau surs.,abattre les branches,branches abattues,Abattez 8 vieilles branches dans les bois autour du village.,,
BorinThekesdLynxDaily,pve,daily,Albion,La Chasse aux Felins,1,60,10,lynx sauvage,Borin Thekesd,BorinThekesd,Le Cercle du Croc,192,51,524728,541250,3217,1134,Village de Gothwaite,lynxKilled,Les lynx sauvages attaquent nos patrouilles et nos rabatteurs sur les sentiers.,Le Cercle du Croc recompense quiconque aide a securiser les abords du village.,Voulez-vous [chasser les lynx] pour proteger notre domaine ?,Trouvez les lynx sauvages sur les collines a l'ouest.,"Bonne traque, jeune aventurier.",Le Cercle trouvera un autre bras.,Excellente chasse ! Voici votre recompense.,chasser les lynx,lynx chasses,Chassez 10 lynx sauvages sur les collines a l'ouest du village.,,
GarrickCochonsDaily,pve,daily,Albion,Ravitaillement de Gothwaite,1,60,10,cochon sauvage,Garrick,Garrick,Fret,40,51,525534,540110,3225,3677,Village de Gothwaite,pigsKilled,Nos convois de ravitaillement manquent de vivres frais et de viande.,Les cochons sauvages pullulent dans les taillis aux abords du village.,Pouvez-vous [chasser les cochons] pour ravitailler nos stocks ?,Traquez les cochons sauvages dans les taillis proches.,Rapportez du gibier gras pour notre intendance !,Revenez si vous changez d'avis.,Le village aura de quoi manger grace a vous. Merci !,chasser les cochons,cochons chasses,Chassez 10 cochons sauvages aux abords du village de Gothwaite.,,
KliomoAraigneesDaily,pve,daily,Albion,Toiles et Carapaces,1,60,10,araneae,Kliomo,Kliomo,Forgeron d'ame tranchante,40,51,535086,550899,4863,1989,Caer Gothwaite,spidersKilled,J'ai besoin de soie et de chitine pour tremper et affiner le fil de mes lames.,Les araneae tissent des toiles d'une resistance remarquable dans la vallee.,Voulez-vous [traquer les araignees] pour mon atelier ?,Les araneae se trouvent dans la vallee au sud-ouest.,Prenez garde a leur venin et rapportez de quoi forger.,Dommage mes lames attendront.,"Superbe ! Ces materiaux feront des armes exceptionnelles.",traquer les araignees,araignees vaincues,Eliminez 10 araneae au sud-ouest de Caer Gothwaite.,,
MardonaScarabeDaily,pve,daily,Albion,Cuirasses de Scarabee,1,60,10,scarabe,Mardona,Mardona,Fogeron d'ame perforatrice,40,51,535168,550879,4863,1830,Caer Gothwaite,beetlesKilled,Les scarabees geants possedent des carapaces parfaites pour renforcer nos pointes perforantes.,Leurs plaques dorsales resistent aux impacts les plus rudes.,Pouvez-vous [chasser les scarabees] dans la plaine ?,Cherchez les scarabees geants vers le sud-est.,Frappez fort et percez leur armure !,Passez votre chemin si vous craignez les carapaces dures.,"Magnifique ! Ces carapaces renforceront notre armurerie.",chasser les scarabees,scarabees vaincus,Eliminez 10 scarabees dans la plaine au sud-est.,,
HargoldPredateursDaily,pve,daily,Albion,Dents de Sabre du Sud,1,60,10,machairodonte,Hargold,Hargold,Mercenaire,34,51,535481,541402,3278,3916,Camp d'Hargold,sabresKilled,Les machairodontes rodent pres de notre camp et attaquent les convois.,Ces betes aux crocs immenses ne craignent ni le fer ni le feu.,Voulez-vous [chasser les predateurs] pour securiser la route ?,Les machairodontes chassent sur les plateaux au sud-est.,Montrez-leur qui est le vrai predateur.,Les timores ne font pas de vieux os ici.,Bien joue mercenaire ! La voie est plus sure grace a vous.,chasser les predateurs,predateurs abattus,Abattez 10 machairodontes sur les plateaux au sud-est.,,
GardeHargoldLoupsDaily,pve,daily,Albion,Traque de la Meute,1,60,10,loup,Garde d'Hargold,GardeHargold,Mercenaire,153,51,535617,541382,3173,15,Camp d'Hargold,wolvesKilled,Une meute de loups agressifs encercle notre avant-poste et egorge les montures.,Leurs hurlements resonnent chaque nuit dans les contreforts sud.,Pouvez-vous [traquer la meute] et retablir le calme ?,Trouvez les loups dans les collines plus au sud.,Traquez-les sans merci champion.,Comme vous voudrez.,Le silence retombe enfin sur les collines. Beau travail !,traquer la meute,meute dispersee,Traquez 10 loups dans les collines au sud.,,
VoieDeLaJustice,initiation,once,Albion,La Voie de la Justice,1,60,5,mort-vivant,Dame Ysolde d'Argent,DameYsolde,Paladins de Tyr,35,51,523363,542392,3185,3083,Village de Gothwaite,undeadKilled,"Les forces des tenebres s'etendent sur Avalon. Des morts-vivants souillent les terres aux abords du village.","Prouvez votre foi et votre valeur en purgeant ces creatures impies.",Voulez-vous [prouver votre foi] ?,Le devoir vous appelle. Purgez 5 morts-vivants aux abords du village et revenez me voir.,Que la lumiere de Tyr guide votre bras.,Que Tyr veille sur vous tout de meme.,Vous avez fait preuve de bravoure. Je vous nomme Initie de Tyr.,prouver ma foi,devoir accompli,Tuez 5 morts-vivants aux abords du village pour prouver votre foi.,,1020
TyrDailyPurge,pve,daily,Albion,Purge des Morts-Vivants,40,60,10,ange dechu,Yasirah al-Nadir,Yasirah,Paladins de Tyr,53,51,524284,543005,3232,99,Bastion de l'Ordre,undeadKilled,"La crypte d'Avalon est envahie par des anges dechus. Leur presence insulte la memoire de nos ancetres.",,Voulez-vous [purifier le sanctuaire] ?,Les ombres s'epaississent. Purgez 10 anges dechus et revenez me voir.,Allez purifier le sanctuaire. Chassez 10 anges dechus.,Que Tyr veille sur vous tout de meme.,La lumiere resplendit a nouveau. Prenez ceci en recompense de votre devouement.,purifier le sanctuaire,taches accomplies,Tuez 10 anges dechus dans la crypte d'Avalon.,1020,
TyrDailyTraque,pve,daily,Albion,La Chasse aux Heretiques,40,60,8,heretique,Yasirah al-Nadir,Yasirah,Paladins de Tyr,53,51,524284,543005,3232,99,Bastion de l'Ordre,hereticsKilled,"Des heretiques de la secte de Khorne se cachent dans les collines, preparant des sacrifices impies.",,Voulez-vous [traquer les heretiques] ?,La justice ne dort jamais. Trouvez et eliminez 8 heretiques.,Traquez-les sans relache. Tuez 8 heretiques.,Que Tyr veille sur vous tout de meme.,Leur sang corrompu a cesse de couler. Tyr vous sourit.,traquer les heretiques,taches accomplies,Tuez 8 heretiques de Khorne dans les collines d'Avalon.,1020,
TyrDailyProtection,pve,daily,Albion,Rempart contre le Chaos,40,60,12,Esprit malveillant,Yasirah al-Nadir,Yasirah,Paladins de Tyr,53,51,524284,543005,3232,99,Bastion de l'Ordre,demonsKilled,Les esprits malveillants de Khorne attaquent nos patrouilles aux frontieres du Bastion.,,Voulez-vous [proteger le bastion] ?,Ne laissez pas le chaos franchir nos portes. Eliminez 12 esprits malveillants.,Soyez notre rempart. Eliminez 12 esprits malveillants.,Que Tyr veille sur vous tout de meme.,Le Bastion est sauf grace a vous. Que la justice regne.,proteger le bastion,taches accomplies,Tuez 12 esprits malveillants pres des frontieres.,1020,
TyrWeeklyBoss,pve,weekly,Albion,Le Fleau de Khorne,45,60,1,Vorrim BriseCrane,Yasirah al-Nadir,Yasirah,Paladins de Tyr,53,51,524284,543005,3232,99,Bastion de l'Ordre,bossKilled,Vorrim BriseCrane le redoutable general de Khorne mene le siege de nos ames.,Il reside dans les ruines sacrileges au nord entoure de ses gardes.,Voulez-vous [terrasser le monstre] ?,Vorrim doit mourir pour que nous puissions respirer. Terrassez-le.,Pour la gloire de Tyr terrassez le monstre.,Que Tyr veille sur vous tout de meme.,"Vorrim est tombe ! C'est un grand jour pour l'Ordre. Que votre nom soit chante.",terrasser le monstre,monstre terrasse,Tuez Vorrim BriseCrane dans les ruines au nord d'Avalon.,1020,